code,network,name,latitude,longitude,elevation,created_at
AAFM,IA,AlorSelatan,-8.2734,124.7237,,2025-02-06 11:35:03
AAI,IA,Ambon,-3.6871,128.1943,,2025-02-06 11:35:03
AAII,IA,Ambon,-3.6871,128.194,,2025-02-06 11:35:03
ABJI,IA,AsemBagus,-7.7956,114.234,,2025-02-06 11:35:03
ABSM,IA,Argamakmur,-3.4254,102.262,,2025-02-06 11:35:03
ACBM,IA,Ayyu,-7.029754,107.682833,,2025-02-06 11:35:03
ACJM,IA,Astanajapura,-6.8033,108.6151,,2025-02-06 11:35:03
ALKI,IA,Alor,-8.1445,124.5903,,2025-02-06 11:35:03
ALTI,IA,AlorTimur,-8.2904,125.1262,,2025-02-06 11:35:03
AMPM,IA,Aifat,-1.2675,132.4918,,2025-02-06 11:35:03
ANAPI,IA,Anggi,-1.323,133.912,,2025-02-06 11:35:03
APSI,IA,Ampana,-0.9108,121.6487,,2025-02-06 11:35:03
APSSI,IA,Air Periukan,-3.932,102.465,,2025-02-06 11:35:03
ARKPI,IA,Arso4,-2.783,140.592,,2025-02-06 11:35:03
ARMI,IA,Aru,-5.7749,134.2190,,2025-02-06 11:35:03
ARPI,IA,Arso,-2.9014,140.7561,,2025-02-06 11:35:03
ARSKI,IA,Arjasa,-6.85843,115.286,,2025-02-06 11:35:03
ASTTI,IA,AmanubanSelatan,-10.068,124.299,,2025-02-06 11:35:03
ATKTI,IA,AmfoangTimur,-9.425,124.090,,2025-02-06 11:35:03
ATNI,IA,Atambua,-9.0835,124.8644,,2025-02-06 11:35:03
BAJI,IA,Socah,-7.09057,112.70853,,2025-02-06 11:35:03
BAKI,IA,Biak,-1.1915,136.107,,2025-02-06 11:35:03
BAPJI,IA,Badegan,-7.912,111.305,,2025-02-06 11:35:03
BASAI,IA,PulauBanyakBarat,2.307,97.407,,2025-02-06 11:35:03
BASI,IA,Baing,-10.2189,120.5777,,2025-02-06 11:35:03
BATI,IA,Baumata,-10.2065,123.6633,,2025-02-06 11:35:03
BATPI,IA,Babo,-2.5427,133.4455,,2025-02-06 11:35:03
BBBCM,IA,BontoBahari,-5.5772,120.4481,,2025-02-06 11:35:03
BBCI,IA,Biau,1.15803,121.436,,2025-02-06 11:35:03
BBCM,IA,Bontocani,-5.0392,120.058,,2025-02-06 11:35:03
BBJI,IA,Bungbulang,-7.5557,107.815,,2025-02-06 11:35:03
BBJM,IA,Bubulan,-7.326,111.8099,,2025-02-06 11:35:03
BBLSI,IA,Banggai-Tengah,-1.637539,123.52168,,2025-02-06 11:35:03
BBSI,IA,BauBau,-5.4885,122.5695,,2025-02-06 11:35:03
BDBI,IA,Badung,-8.520029,115.208717,,2025-02-06 11:35:03
BDCM,IA,BanawaSelatan,-0.873,119.5867,,2025-02-06 11:35:03
BDMUI,IA,PulauBatangDua,1.322,126.362,,2025-02-06 11:35:03
BESI,IA,Bukit,4.6355,96.8396,,2025-02-06 11:35:03
BESM,IA,Beutong,4.2171,96.6557,,2025-02-06 11:35:03
BGASI,IA,BlangKejeren,3.983,97.315,,2025-02-06 11:35:03
BGCI,IA,Balantak,-0.8816,123.3911,,2025-02-06 11:35:03
BGCM,IA,Balaesang,-0.0804,119.858,,2025-02-06 11:35:03
BHCM,IA,Bahodopi,-2.7965,122.1259,,2025-02-06 11:35:03
BKASI,IA,GAWBukitKoto,-0.202,100.318,,2025-02-06 11:35:03
BKB,IA,Balikpapan,-1.1073,116.9048,,2025-02-06 11:35:03
BKJI,IA,Banjar,-7.3633,108.5322,,2025-02-06 11:35:03
BKNI,IA,Bangkinang,0.3264,101.0396,,2025-02-06 11:35:03
BKSI,IA,Bulukumba,-5.3218,120.1224,,2025-02-06 11:35:03
BLCM,IA,BalaesangTanjung,-0.123,119.687,,2025-02-06 11:35:03
BLJI,IA,Banyuglugur,-7.7454,113.595,,2025-02-06 11:35:03
BLSM,IA,BatukuningLakitanUlu,-2.7563,102.156,,2025-02-06 11:35:03
BMBNG,IA,Ternadi,-6.6634,110.8839,,2025-02-06 11:35:03
BMSI,IA,Bangko,-2.06641,102.31544,,2025-02-06 11:35:03
BNDI,IA,Bandaneira,-4.5224,129.9045,,2025-02-06 11:35:03
BNSI,IA,Bone,-4.4005,120.1065,,2025-02-06 11:35:03
BNTI,IA,Bajawa,-8.7881,120.9768,,2025-02-06 11:35:03
BOJI,IA,Sawit,-7.56815,110.68936,,2025-02-06 11:35:03
BOSM,IA,BandingAgung,-4.8213,104.162,,2025-02-06 11:35:03
BPMJM,IA,Batumarmar,-6.9505,113.4922,,2025-02-06 11:35:03
BPSM,IA,Bayang,-1.1894,100.5899,,2025-02-06 11:35:03
BSI,IA,BandaAceh,5.4964,95.2962,,2025-02-06 11:35:03
BSMI,IA,Bula,-3.1075,130.4939,,2025-02-06 11:35:03
BSSI,IA,Benteng,-6.1428,120.4904,,2025-02-06 11:35:03
BTCM,IA,BungkuTengah,-2.4768,121.9241,,2025-02-06 11:35:03
BTJI,IA,BumiJawa,-7.1972,109.1641,,2025-02-06 11:35:03
BTSPI,IA,BonggoTimur,-2.3779,139.7042,,2025-02-06 11:35:03
BUBSI,IA,Bunta Banggai,-0.855,122.207,,2025-02-06 11:35:03
BUJI,IA,Buayan,-7.75603,109.46133,,2025-02-06 11:35:03
BUKI,IA,Berau,1.25163,118.709328,,2025-02-06 11:35:03
BUMSI,IA,Bungku-Utara,-1.977807,121.3346,,2025-02-06 11:35:03
BUSI,IA,BandarBaru,5.2445,96.243,,2025-02-06 11:35:03
BWJI,IA,Bawean,-5.8511,112.6578,,2025-02-06 11:35:03
BYJI,IA,Banyuwangi,-8.2146,114.3556,,2025-02-06 11:35:03
BYLI,IA,Bayan,-8.2272,116.4202,,2025-02-06 11:35:03
CASI,IA,Calang,4.6288,95.576,,2025-02-06 11:35:03
CBJI,IA,Citeko,-6.6981,106.9349,,2025-02-06 11:35:03
CBJM,IA,Cipongkor,-6.57,107.2117,,2025-02-06 11:35:03
CCJM,IA,Campaka,-7.0166,107.1401,,2025-02-06 11:35:03
CGJI,IA,Cigeulis,-6.6134,105.6929,,2025-02-06 11:35:03
CIJI,IA,Cipedes,-7.31741,108.19589,,2025-02-06 11:35:03
CIJM,IA,Cikedung,-6.4926,108.1853,,2025-02-06 11:35:03
CIKJI,IA,Cibuaya-Karawang,-6.041924,107.347374,,2025-02-06 11:35:03
CILJI,IA,Cibeber,-6.822,106.316,,2025-02-06 11:35:03
CMJI,IA,Cimerak,-7.7837,108.4486,,2025-02-06 11:35:03
CNJI,IA,Cibinong,-7.3091,107.1296,,2025-02-06 11:35:03
CSBJI,IA,Compreng,-6.404687,107.881737,,2025-02-06 11:35:03
CSJI,IA,Ciracap,-7.3301,106.52107,,2025-02-06 11:35:03
CSJM,IA,Congeang,-6.7405,108.0099,,2025-02-06 11:35:03
CTJI,IA,WadukCacaban,-7.0075,109.1835,,2025-02-06 11:35:03
CWJM,IA,CikalongWetan,-6.7423,107.4448,,2025-02-06 11:35:03
DBJI,IA,Dramaga,-6.5542,106.7436,,2025-02-06 11:35:03
DBKI,IA,DusunSelatan,-1.6792,114.9081,,2025-02-06 11:35:03
DBNFM,IA,Donggo,-8.424,118.5948,,2025-02-06 11:35:03
DDSI,IA,DumaiTimur,1.6677,101.4603,,2025-02-06 11:35:03
DNP,IA,Denpasar,-8.6773,115.2097,,2025-02-06 11:35:03
DOCM,IA,Donggala,-0.6758,119.7487,,2025-02-06 11:35:03
DYPI,IA,Dekai,-4.8521,139.4991,,2025-02-06 11:35:03
EDFI,IA,Ende,-8.7497,121.6903,,2025-02-06 11:35:03
EDMPI,IA,Edera,-7.175,139.585,,2025-02-06 11:35:03
EGSI,IA,Enggano,-5.3526,102.2767,,2025-02-06 11:35:03
ELMPI,IA,Eligobel,-7.489,140.789,,2025-02-06 11:35:03
ESNI,IA,Empang,-8.7875,117.965843,,2025-02-06 11:35:03
FAKI,IA,Fakfak,-2.9192,132.265,,2025-02-06 11:35:03
FKMPM,IA,Kurik,-8.2515,140.2666,,2025-02-06 11:35:03
FKSPI,IA,Sawiat,-1.1594,132.016,,2025-02-06 11:35:03
GARPI,IA,PulauGag,-0.43465,129.900,,2025-02-06 11:35:03
GBJI,IA,Gringsing,-6.9533,109.9762,,2025-02-06 11:35:03
GEBBI,IA,Gerokgak,-8.164,114.714,,2025-02-06 11:35:03
GEJI,IA,Gedangan,-8.3469,112.5901,,2025-02-06 11:35:03
GENI,IA,Genyem,-2.5926,140.1677,,2025-02-06 11:35:03
GESM,IA,Geumpang,4.8421,96.1278,,2025-02-06 11:35:03
GGJM,IA,Gabus,-7.171615,111.203525,,2025-02-06 11:35:03
GHMI,IA,GaneBarat,-0.3563,127.8497,,2025-02-06 11:35:03
GKJM,IA,Gedangsari,-7.8411,110.5922,,2025-02-06 11:35:03
GMJI,IA,Gumukmas,-8.2732,113.4441,,2025-02-06 11:35:03
GPSM,IA,Geumpang,4.869346,96.090423,,2025-02-06 11:35:03
GRJI,IA,Gresik,-6.9145,112.4793,,2025-02-06 11:35:03
GSI,IA,Gunungsitoli,1.3036,97.5754,,2025-02-06 11:35:03
GTJI,IA,Gemawang,-7.1638,110.184,,2025-02-06 11:35:03
GTOI,IA,Gorontalo,0.7628,122.87,,2025-02-06 11:35:03
GTSI,IA,GunungToar,-0.5981,101.4887,,2025-02-06 11:35:03
GUJM,IA,Gubug,-7.054276,110.666353,,2025-02-06 11:35:03
HINSI,IA,Hibala,-0.540,98.499,,2025-02-06 11:35:03
IATSM,IA,Idi,4.9241,97.7845,,2025-02-06 11:35:03
IBTI,IA,IleBoleng,-8.3857,123.2584,,2025-02-06 11:35:03
IGBI,IA,Ingas,-8.8181,115.1456,,2025-02-06 11:35:03
IHMI,IA,Ibu,1.5082,127.5555,,2025-02-06 11:35:03
IHRSI,IA,IndragiriHilir,-0.9652,102.764519,,2025-02-06 11:35:03
IWPI,IA,Rasiei,-2.7579,134.5163,,2025-02-06 11:35:03
JAASI,IA,Jeumpa,3.766,96.820,,2025-02-06 11:35:03
JAGI,IA,Jajag,-8.4703,114.152,,2025-02-06 11:35:03
JASI,IA,Sangir-BalaiJanggo,-1.41453,101.45838,,2025-02-06 11:35:03
JAY,IA,Jayapura,-2.5145,140.7043,,2025-02-06 11:35:03
JBJI,IA,Jasinga,-6.483735,106.4698517,,2025-02-06 11:35:03
JBJM,IA,Jepon,-6.9729,111.4587,,2025-02-06 11:35:03
JCJI,IA,Jatiwangi,-6.7344,108.2631,,2025-02-06 11:35:03
JHMI,IA,Jailolo,1.0756,127.478,,2025-02-06 11:35:03
JMSI,IA,Jangkat,-2.63715,101.88745,,2025-02-06 11:35:03
JPJI,IA,Jatiluhur,-6.5306583,107.41757,,2025-02-06 11:35:03
JPSI,IA,Jurai,-1.34164,100.58645,,2025-02-06 11:35:03
JSBFM,IA,Jereweh,-8.8717,116.8164,,2025-02-06 11:35:03
JTJM,IA,Jampang-Tengah,-7.0573,106.8015,,2025-02-06 11:35:03
JWJM,IA,Juwangi,-7.2062,110.7527,,2025-02-06 11:35:03
KABKI,IA,Bongan,-0.750684,116.241898,,2025-02-06 11:35:03
KAKKI,IA,Karangan,1.366887,117.750031,,2025-02-06 11:35:03
KARPI,IA,Kabare,-0.061,130.991,,2025-02-06 11:35:03
KASAI,IA,Kota-Baharu,2.491893,97.858239,,2025-02-06 11:35:03
KBBI,IA,Kintamani,-8.286,115.2547,,2025-02-06 11:35:03
KBJM,IA,Kunduran,-7.0505,111.2329,,2025-02-06 11:35:03
KBKI,IA,Kotabaru,-3.2995,116.1668,,2025-02-06 11:35:03
KBSSI,IA,Kodi Bangedo,-9.593,118.993,,2025-02-06 11:35:03
KDI,IA,Kendari,-3.9574,122.6193,,2025-02-06 11:35:03
KGCM,IA,Kwandang,0.5485,123.0099,,2025-02-06 11:35:03
KHK,IA,Kahang-Kahang,-8.364,115.6096,,2025-02-06 11:35:03
KHSSI,IA,KatalaHamuLingu,-9.801,119.945,,2025-02-06 11:35:03
KIMPI,IA,Kimaam,-7.979,138.852,,2025-02-06 11:35:03
KJCM,IA,Kelara,-5.5664,119.8025,,2025-02-06 11:35:03
KKJM,IA,Kokap,-7.843384,110.057248,,2025-02-06 11:35:03
KKKI,IA,Kendawangan,-2.515,110.1956,,2025-02-06 11:35:03
KKKKI,IA,Katingan-Kuala,-1.871143,113.419801,,2025-02-06 11:35:03
KKMI,IA,Kei-Kecil,-5.693,132.7179,,2025-02-06 11:35:03
KKSI,IA,Kolaka,-4.1717,121.6513,,2025-02-06 11:35:03
KKTKI,IA,Kombeng,1.186094,116.949317,,2025-02-06 11:35:03
KLI,IA,Kotabumi,-4.8363,104.8705,,2025-02-06 11:35:03
KLJI,IA,Klakah,-7.99607,113.25175,,2025-02-06 11:35:03
KLNI,IA,Mataram,-8.4219,116.0949,,2025-02-06 11:35:03
KLSI,IA,Kotabumi,-4.6871,104.7317,,2025-02-06 11:35:03
KLSM,IA,Kluet-Utara,3.2211,97.3158,,2025-02-06 11:35:03
KMBFM,IA,Kuwus,-8.5654,120.3131,,2025-02-06 11:35:03
KMMI,IA,Kalianget,-7.0412,113.9157,,2025-02-06 11:35:03
KMNI,IA,Kota-Mataram,-8.620637,116.08918,,2025-02-06 11:35:03
KMPI,IA,Kaimana,-3.6617,133.7044,,2025-02-06 11:35:03
KMSI,IA,Kotamubagu,0.5745,123.8907,,2025-02-06 11:35:03
KOMFI,IA,Komodo,-8.536,119.547,,2025-02-06 11:35:03
KORPI,IA,Kofiau,-1.158,129.845,,2025-02-06 11:35:03
KPJI,IA,Karang-Pucung,-7.3332,108.9312,,2025-02-06 11:35:03
KPJM,IA,Kapas,-7.1883,111.9281,,2025-02-06 11:35:03
KRAI,IA,Kairatu,-3.3184,128.3947,,2025-02-06 11:35:03
KRJI,IA,Kerinci,-2.0912,101.4619,,2025-02-06 11:35:03
KRSI,IA,Karosa,-1.8903,119.5627,,2025-02-06 11:35:03
KSI,IA,Kepahiang,-3.651,102.5929,,2025-02-06 11:35:03
KTMI,IA,Kormomolin,-7.66,131.58,,2025-02-06 11:35:03
KTTI,IA,Kolbano,-10.0369,124.5163,,2025-02-06 11:35:03
KUBSI,IA,Kulisusu,-4.78121,123.18684,,2025-02-06 11:35:03
KUKI,IA,Kutai-Barat,-0.084665,115.662491,,2025-02-06 11:35:03
KUSI,IA,Kluet-Tengah,3.6579,97.374397,,2025-02-06 11:35:03
KWJI,IA,Kertek,-7.3837,109.9691,,2025-02-06 11:35:03
LASI,IA,Langsa,4.4573,97.9704,,2025-02-06 11:35:03
LBFI,IA,Labuhan-Bajo,-8.48,119.8921,,2025-02-06 11:35:03
LBNFM,IA,Lambu,-8.6018,119.0121,,2025-02-06 11:35:03
LBTSI,IA,Lintau Buo Utara,-0.475,100.625,,2025-02-06 11:35:03
LDSI,IA,Sukandebi,2.88948,98.160522,,2025-02-06 11:35:03
LEM,IA,Lembang,-6.8266,107.6175,,2025-02-06 11:35:03
LEMFI,IA,Lembor,-8.707,120.172,,2025-02-06 11:35:03
LESM,IA,Lemong,-4.9616,103.7124,,2025-02-06 11:35:03
LHMI,IA,Lhokseumawe,5.2286,96.9469,,2025-02-06 11:35:03
LHSM,IA,Semendo,-4.1779734,103.5742079,,2025-02-06 11:35:03
LISM,IA,Lingge-Isaq,4.3166,97.1822,,2025-02-06 11:35:03
LJPI,IA,Lereh,-3.1271,139.945,,2025-02-06 11:35:03
LKCI,IA,Lasusua,-3.492,120.8858,,2025-02-06 11:35:03
LKSM,IA,Suliki,0.1847,100.6,,2025-02-06 11:35:03
LKUCM,IA,Langgikima,-3.302,122.192,,2025-02-06 11:35:03
LLSI,IA,Lubuk-LinggauBarat,-3.27843,102.9139,,2025-02-06 11:35:03
LLSM,IA,Limau,-5.60039,104.80943,,2025-02-06 11:35:03
LMNI,IA,Lembata,-8.23386,123.716,,2025-02-06 11:35:03
LMTI,IA,Langke-Rembong,-8.6011,120.4771,,2025-02-06 11:35:03
LOCM,IA,Lore-Tengah,-1.6502,120.1825,,2025-02-06 11:35:03
LOMSI,IA,Lohia,-4.91095,122.74157,,2025-02-06 11:35:03
LPCM,IA,Lembang,-3.501,119.72,,2025-02-06 11:35:03
LPSM,IA,Lengayang,1.7081,100.7199,,2025-02-06 11:35:03
LRTI,IA,Larantuka,-8.2752,123,,2025-02-06 11:35:03
LSCM,IA,Lalabati-Rilau,-4.365,119.8987,,2025-02-06 11:35:03
LSNI,IA,Lunyuk,-8.966651,117.218239,,2025-02-06 11:35:03
LTNI,IA,Lombok-Timur,-8.768723,116.484734,,2025-02-06 11:35:03
LTNSI,IA,Lahewa Timur,1.336,97.320,,2025-02-06 11:35:03
LTSM,IA,Lumut,1.5294,98.9305,,2025-02-06 11:35:03
LUCM,IA,Lore-Utara,-1.4262,120.3225,,2025-02-06 11:35:03
LUJI,IA,Lumbang,-7.826,113.0107,,2025-02-06 11:35:03
LUWI,IA,Luwuk,-1.0418,122.7716,,2025-02-06 11:35:03
MABKI,IA,Maratua,2.2433,118.5676,,2025-02-06 11:35:03
MAKBI,IA,Manggis,-8.487,115.505,,2025-02-06 11:35:03
MAKKI,IA,Kep.Karimata,-1.582298,108.796982,,2025-02-06 11:35:03
MASFI,IA,Magepanda,-8.537,122.032,,2025-02-06 11:35:03
MASM,IA,Masjid-Raya,5.4996,95.5186,,2025-02-06 11:35:03
MASSI,IA,Marore,4.733,125.479,,2025-02-06 11:35:03
MBBI,IA,Muara-Bungo,-1.5410033,102.098745,,2025-02-06 11:35:03
MBJI,IA,Majalengka-Banjarnegara,-7.4488,109.6322,,2025-02-06 11:35:03
MBPI,IA,Manimeri,-2.035,133.7322,,2025-02-06 11:35:03
MBRPI,IA,MisoolBarat,-1.771,130.407,,2025-02-06 11:35:03
MBSM,IA,Marga-Sakti-Seblat,-3.145246,101.83734,,2025-02-06 11:35:03
MDSI,IA,Muara-Dua,-4.486,104.1782,,2025-02-06 11:35:03
MGAI,IA,Melonguane-Kep-Talaud,4.0079,126.67,,2025-02-06 11:35:03
MIBPI,IA,Mindiptana,-5.879,140.709,,2025-02-06 11:35:03
MIPI,IA,Mimika-Baru,-4.5301,136.8935,,2025-02-06 11:35:03
MISSI,IA,Miangas,5.552612,126.58147,,2025-02-06 11:35:03
MKBI,IA,Muko-Muko,-2.4474,101.2396,,2025-02-06 11:35:03
MKJM,IA,Manisrenggo,-7.6629,110.4834,,2025-02-06 11:35:03
MKSM,IA,Muara-Sahung,-4.57103,103.360268,,2025-02-06 11:35:03
MLJI,IA,Malang,-8.1575,112.4467,,2025-02-06 11:35:03
MLJM,IA,Mantup,-7.2483,112.3379,,2025-02-06 11:35:03
MLMMI,IA,MoaLakor,-8.148,127.792,,2025-02-06 11:35:03
MMCI,IA,Mamasa,-2.9556,119.3628,,2025-02-06 11:35:03
MMRI,IA,Maumere,-8.6357,122.2376,,2025-02-06 11:35:03
MMSI,IA,Mamuju,-2.6892,118.909,,2025-02-06 11:35:03
MNAI,IA,Manna,-4.3605,102.9557,,2025-02-06 11:35:03
MNI,IA,Manado,1.444,124.84,,2025-02-06 11:35:03
MNSI,IA,Mandailing-Natal,0.7955,99.5796,,2025-02-06 11:35:03
MPSI,IA,Mapaga,0.3374,119.898,,2025-02-06 11:35:03
MPSM,IA,Mapat-Tunggul,0.5892,100.1384,,2025-02-06 11:35:03
MRSI,IA,Marisa,0.4771,121.9406,,2025-02-06 11:35:03
MSAI,IA,Amahai,-3.3462,128.9285,,2025-02-06 11:35:03
MSCM,IA,Masamba,-2.534,120.332,,2025-02-06 11:35:03
MSHHI,IA,Maba Selatan,0.629,128.425,,2025-02-06 11:35:03
MTAI,IA,Morotai,2.198,128.2758,,2025-02-06 11:35:03
MTCM,IA,Malili,-2.61,121.118,,2025-02-06 11:35:03
MTJPI,IA,MuaraTami,-2.627,140.864,,2025-02-06 11:35:03
MTKI,IA,Muara-Teweh,-0.9418,114.8959,,2025-02-06 11:35:03
MTMPI,IA,MamberamoTengah,-2.305,138.037,,2025-02-06 11:35:03
MTMTI,IA,Malaka Tengah,-9.585,124.875,,2025-02-06 11:35:03
MTSI,IA,Manduamas,2.1527,98.2527,,2025-02-06 11:35:03
MTSM,IA,Muara-Dua,-4.3053,103.509,,2025-02-06 11:35:03
MUMUI,IA,Mangoli Utara,-1.785,125.481,,2025-02-06 11:35:03
MUTSI,IA,Muara,2.300,98.965,,2025-02-06 11:35:03
MWPI,IA,Manokwari,-0.9258,134.0431,,2025-02-06 11:35:03
NANFI,IA,Nangaroro,-8.761,121.302,,2025-02-06 11:35:03
NBMI,IA,Namrole,-3.7113,126.419,,2025-02-06 11:35:03
NBPI,IA,Nabire,-3.3656,135.4972,,2025-02-06 11:35:03
NGJI,IA,Ngawi,-7.3676,111.4612,,2025-02-06 11:35:03
NJBM,IA,Negara,-8.3099,114.6171,,2025-02-06 11:35:03
NKBI,IA,Nusa-Penida,-8.726115,115.5259633,,2025-02-06 11:35:03
NKKI,IA,Nanga-Tayap,-1.56,110.5666,,2025-02-06 11:35:03
NSBMM,IA,Seram-Barat,-3.0828,128.2096,,2025-02-06 11:35:03
OBMI,IA,Pulau-Obi,-1.3414,127.6444,,2025-02-06 11:35:03
OBMPI,IA,Obaa,-6.555,139.300,,2025-02-06 11:35:03
OMBFM,IA,Komodo,-8.691,119.8247,,2025-02-06 11:35:03
ONSM,IA,Onan-Ganjang,2.1598,98.63,,2025-02-06 11:35:03
PAASI,IA,Pulo Aceh,5.671,95.129,,2025-02-06 11:35:03
PABI,IA,Pasaman,0.1241,99.8719,,2025-02-06 11:35:03
PABKI,IA,Paramasan,-3.112172,115.364220,,2025-02-06 11:35:03
PAFM,IA,Pantar-Tengah,-8.3832,124.1283,,2025-02-06 11:35:03
PAKI,IA,Paser,-1.909218,116.19141,,2025-02-06 11:35:03
PASJI,IA,Padarincang,-6.2120,105.9835,,2025-02-06 11:35:03
PASMI,IA,PagaiSelatan,-2.9646,100.2028,,2025-02-06 11:35:03
PBCI,IA,Bolaang-Uki,0.383,124.0396,,2025-02-06 11:35:03
PBJI,IA,Pasir-Jambu,-7.0874767,107.4757817,,2025-02-06 11:35:03
PBKI,IA,Pangkalan-Bun,-2.7047,111.6697,,2025-02-06 11:35:03
PBLI,IA,Pujut,-8.8218,116.2778,,2025-02-06 11:35:03
PBMMI,IA,Pulau-PulauBabar,-7.86,129.597,,2025-02-06 11:35:03
PBMSI,IA,Poigar,0.995298,124.282277,,2025-02-06 11:35:03
PBNI,IA,Parado,-8.755,118.56852,,2025-02-06 11:35:03
PBSI,IA,Pulau-Batu,-0.0547,98.28,,2025-02-06 11:35:03
PCI,IA,Palu,-0.9055,119.8367,,2025-02-06 11:35:03
PCJI,IA,Pacitan,-8.1947,111.1771,,2025-02-06 11:35:03
PCJM,IA,Pabuaran,-6.913,108.7192,,2025-02-06 11:35:03
PDLI,IA,Tambora,-8.1037,117.8729,,2025-02-06 11:35:03
PDSI,IA,Padang,-0.9118,100.4617,,2025-02-06 11:35:03
PGJM,IA,Panggang,-8.0102,110.4142,,2025-02-06 11:35:03
PICM,IA,Parigi-Utara,-0.711,120.0887,,2025-02-06 11:35:03
PKCI,IA,Palangga,-4.2918,122.481,,2025-02-06 11:35:03
PKJI,IA,Paninggaran,-7.1678,109.5798,,2025-02-06 11:35:03
PKJM,IA,Pasawahan,-6.7988,108.445,,2025-02-06 11:35:03
PKSI,IA,Pagar-AlamUtara,-4.0428,103.2639,,2025-02-06 11:35:03
PLAI,IA,Plampang,-8.7006,117.7219,,2025-02-06 11:35:03
PLJI,IA,Plosoklaten,-7.8616,112.1548,,2025-02-06 11:35:03
PLSI,IA,Pangkalan-KotoBaru,0.23729,100.55398,,2025-02-06 11:35:03
PLSM,IA,Sosa,1.0576,99.7759,,2025-02-06 11:35:03
PMBI,IA,Palembang,-2.9024,104.6993,,2025-02-06 11:35:03
PMCI,IA,Pasangkayu,-1.1748,119.398,,2025-02-06 11:35:03
PMMI,IA,Pulau-Makian,0.372,127.4158,,2025-02-06 11:35:03
PMSI,IA,Majene,-3.5008,118.9149,,2025-02-06 11:35:03
POBSI,IA,Poleang,-4.740,122.002,,2025-02-06 11:35:03
POCI,IA,Poso-Pesisir,-1.42032,120.657,,2025-02-06 11:35:03
POKJI,IA,Poncokusumo,-8.053,112.812,,2025-02-06 11:35:03
PPCM,IA,Patampanua,-3.727,119.7269,,2025-02-06 11:35:03
PPI,IA,Padangpanjang,-0.455,100.3968,,2025-02-06 11:35:03
PPJI,IA,Tretes,-7.7054,112.635,,2025-02-06 11:35:03
PPLI,IA,Punduh-Pedada,-5.74103,105.14486,,2025-02-06 11:35:03
PPSI,IA,Pulau-Pagai,-2.766,100.01,,2025-02-06 11:35:03
PPSM,IA,Pesisir-Selatan,-5.3181,104.0153,,2025-02-06 11:35:03
PRJI,IA,Pracimantoro,-8.07216,110.79178,,2025-02-06 11:35:03
PRLJI,IA,Pasiran,-8.232273,113.114018,,2025-02-06 11:35:03
PRSI,IA,Pelalawan,0.377521,101.822472,,2025-02-06 11:35:03
PSI,IA,Parapat,2.6952,98.924,,2025-02-06 11:35:03
PSJCM,IA,Pasimassungu,-7.06,120.6202,,2025-02-06 11:35:03
PSJM,IA,Pelabuhan-Ratu,-6.9853,106.5604,,2025-02-06 11:35:03
PSLI,IA,Rajabasa-P.Sibesi,-5.93732,105.51004,,2025-02-06 11:35:03
PSSI,IA,Siau,2.7353,125.4045,,2025-02-06 11:35:03
PSSM,IA,Pematang-Sawah,-5.8643,104.6954,,2025-02-06 11:35:03
PTJI,IA,Pondok-Aren,-6.255535,106.748825,,2025-02-06 11:35:03
PTSM,IA,Pangaribuan,2.0118,99.166,,2025-02-06 11:35:03
PUPSI,IA,Pamona Utara,-1.733,120.676,,2025-02-06 11:35:03
PWCM,IA,Pitumpanua,-3.6739,120.4014,,2025-02-06 11:35:03
PWJI,IA,Pagerwojo,-8.22,111.8039,,2025-02-06 11:35:03
RASM,IA,Ranah-Ampek-HuluTapan,-2.16527,101.0705,,2025-02-06 11:35:03
RDCM,IA,Rio-Pakava,-1.2955,119.5524,,2025-02-06 11:35:03
RGRI,IA,Rengat,-0.3491,102.3338,,2025-02-06 11:35:03
RHRSI,IA,Rokan-Hilir,1.561797,101.002914,,2025-02-06 11:35:03
RKCM,IA,Rauta,-2.5625,121.345,,2025-02-06 11:35:03
RKPI,IA,Ransiki,-1.5107,134.1773,,2025-02-06 11:35:03
RLSI,IA,Rantau-Selatan,2.0686,99.8553,,2025-02-06 11:35:03
RMSM,IA,Rawas-Hulu,-2.62326,102.7617,,2025-02-06 11:35:03
RNFM,IA,Riung,-8.4294,121.0262,,2025-02-06 11:35:03
RONI,IA,Rote,-10.7658,123.0732,,2025-02-06 11:35:03
ROTTI,IA,RoteBaratDaya,-10.806,123.013,,2025-02-06 11:35:03
RRHRI,IA,Rokan-IV-Kota,0.571374,100.427397,,2025-02-06 11:35:03
RRSI,IA,Rambah,0.84096,100.34611,,2025-02-06 11:35:03
RSNI,IA,Ropang,-8.885942,117.482956,,2025-02-06 11:35:03
RSSM,IA,Ronggurnihuta,2.5981,98.7832,,2025-02-06 11:35:03
RTBI,IA,Rangdo,-8.4597,114.942,,2025-02-06 11:35:03
SAASI,IA,Seulimum,5.562,95.525,,2025-02-06 11:35:03
SADLY,IA,Gunung-Kencana,-6.5737854,106.074132,,2025-02-06 11:35:03
SAKJI,IA,Samigaluh,-7.686,110.155,,2025-02-06 11:35:03
SAMKI,IA,Meliau,-0.189253,110.363670,,2025-02-06 11:35:03
SANI,IA,Sanana,-2.0497,125.9881,,2025-02-06 11:35:03
SAPSI,IA,Sausu,-1.000,120.464,,2025-02-06 11:35:03
SASI,IA,Simpang-Empat,0.1241,99.8754,,2025-02-06 11:35:03
SASM,IA,Sampoiniet,5.1272,95.6091,,2025-02-06 11:35:03
SATPI,IA,SarmiTimur,-1.972,138.870,,2025-02-06 11:35:03
SAUI,IA,Saumlaki,-7.9826,131.2988,,2025-02-06 11:35:03
SBBM,IA,Seririt,-8.2031,114.9179,,2025-02-06 11:35:03
SBJI,IA,Serang,-6.1117,106.1318,,2025-02-06 11:35:03
SBNI,IA,Sabu,-10.4917,121.8457,,2025-02-06 11:35:03
SBSM,IA,Sungai-Beremas,0.1979,99.3773,,2025-02-06 11:35:03
SBSSI,IA,Sigi Biromaru,-1.206,119.889,,2025-02-06 11:35:03
SCJI,IA,Gunung-Srandil,-7.681,109.1689,,2025-02-06 11:35:03
SCJM,IA,Sukaluyu,-6.8437,107.2221,,2025-02-06 11:35:03
SDCI,IA,Sindue,-0.4084,119.777,,2025-02-06 11:35:03
SDSI,IA,Sungai-Dareh,-0.9325,101.428,,2025-02-06 11:35:03
SDSM,IA,Sidikalang,2.7545,98.295,,2025-02-06 11:35:03
SEJI,IA,Senori,-7.0051,111.7288,,2025-02-06 11:35:03
SEMI,IA,Seram-UtaraTimur-Seti,-2.917,129.8209,,2025-02-06 11:35:03
SGKI,IA,Sangata,0.5302,117.6043,,2025-02-06 11:35:03
SGSI,IA,Sangihe,3.686,125.5286,,2025-02-06 11:35:03
SICJI,IA,Sidareja,-7.472,108.808,,2025-02-06 11:35:03
SIJI,IA,Sorong,-0.8691,131.2661,,2025-02-06 11:35:03
SIJM,IA,Sidoarjo,-7.410065,112.760449,,2025-02-06 11:35:03
SIRSI,IA,Siak,0.891736,101.236481,,2025-02-06 11:35:03
SISM,IA,Silih-Nara,4.6895,96.525,,2025-02-06 11:35:03
SISMI,IA,SiberutSelatan,-1.78060,99.14018,,2025-02-06 11:35:03
SIUMI,IA,Siberut Utara,-1.126,98.980,,2025-02-06 11:35:03
SJPM,IA,Sentani,-2.5698,140.5029,,2025-02-06 11:35:03
SKJI,IA,Sukabumi,-7.0053,106.5563,,2025-02-06 11:35:03
SKPM,IA,Senggi,-3.4485,140.7256,,2025-02-06 11:35:03
SKSI,IA,Sukakarya,5.8241,95.302368,,2025-02-06 11:35:03
SKSM,IA,Siulak-Mukai,-1.9461,101.35,,2025-02-06 11:35:03
SLBFM,IA,Sekotong-Tengah,-8.7956,115.9336,,2025-02-06 11:35:03
SLSI,IA,Sarolangun,-2.3924,102.5927,,2025-02-06 11:35:03
SLSM,IA,Sungai-Lasi,0.8311,100.6533,,2025-02-06 11:35:03
SMKI,IA,Samarinda,-0.4461,117.2085,,2025-02-06 11:35:03
SMPI,IA,Sarmi,-1.99,138.71,,2025-02-06 11:35:03
SMRI,IA,Semarang,-7.0491,110.4408,,2025-02-06 11:35:03
SMSI,IA,Sumalata,0.9885,122.3654,,2025-02-06 11:35:03
SMSM,IA,Simpati,0.0064,100.1707,,2025-02-06 11:35:03
SNBI,IA,Sirombu,0.932,97.4651,,2025-02-06 11:35:03
SNJI,IA,Sawahan,-7.7808,111.7591,,2025-02-06 11:35:03
SNSI,IA,Sinabang,2.4089,96.3267,,2025-02-06 11:35:03
SOEI,IA,Soei,-9.7553,124.2672,,2025-02-06 11:35:03
SOMPI,IA,Sota,-8.431,141.007,,2025-02-06 11:35:03
SPSI,IA,Sidrap,-3.9646,119.7691,,2025-02-06 11:35:03
SPSJM,IA,Serang-Panjang,-6.6667,107.6137,,2025-02-06 11:35:03
SPSM,IA,Sitellu-Tali-UrangJulu,2.516,98.3737,,2025-02-06 11:35:03
SRBI,IA,Singaraja,-8.0848,115.2126,,2025-02-06 11:35:03
SRMI,IA,Seram-Utara,-2.9415,129.1818,,2025-02-06 11:35:03
SRPI,IA,Serui,-1.8755,136.24,,2025-02-06 11:35:03
SRSI,IA,Sorowako,-2.5315,120.87,,2025-02-06 11:35:03
SSASI,IA,Simeulue Barat,2.830,95.925,,2025-02-06 11:35:03
SSJM,IA,Sukaraja,-6.8872,106.9626,,2025-02-06 11:35:03
SSKI,IA,Singkawang,0.8178,108.96,,2025-02-06 11:35:03
SSMI,IA,Siritaun-WidaTimur,-3.7367,130.8287,,2025-02-06 11:35:03
SSSI,IA,Subulussalam,2.6748,97.9707,,2025-02-06 11:35:03
SSSM,IA,Sangir,-1.5642,101.2375,,2025-02-06 11:35:03
STSI,IA,Silaut,-2.38874,101.04783,,2025-02-06 11:35:03
SUPJI,IA,Sumur,-6.796,105.515,,2025-02-06 11:35:03
SUSM,IA,Sekincau,-5.0212,104.2945,,2025-02-06 11:35:03
SUSPI,IA,SupioriTimur,-0.732,135.734,,2025-02-06 11:35:03
SWCM,IA,Sabbang-Paru,-4.2145,120.0109,,2025-02-06 11:35:03
SWI,IA,Sorong,-0.8628,131.2592,,2025-02-06 11:35:03
SWJI,IA,Sawahan,-7.7349,111.7669,,2025-02-06 11:35:03
SWPM,IA,Sidey,-0.8036,133.5948,,2025-02-06 11:35:03
SYJI,IA,Candi-Abang,-7.811574,110.47111,,2025-02-06 11:35:03
TAGJI,IA,Tanjungsari,-8.077,110.585,,2025-02-06 11:35:03
TAMI,IA,Teluk-Ambon,-3.6764,128.1108,,2025-02-06 11:35:03
TAPSI,IA,Tapango,-3.322,119.249,,2025-02-06 11:35:03
TARAI,IA,Tarakan,3.3271,117.5704,,2025-02-06 11:35:03
TASI,IA,Tanjung-Raya,-0.2991,100.2246,,2025-02-06 11:35:03
TASSI,IA,Tagulandang SiauTagulandangBiaro,2.347,125.386,,2025-02-06 11:35:03
TBCM,IA,Tonra,-4.9118,120.2824,,2025-02-06 11:35:03
TBJI,IA,Tambak-Boyo,-6.8179,111.8481,,2025-02-06 11:35:03
TBJKI,IA,Jaro,-1.847503,115.624908,,2025-02-06 11:35:03
TBKI,IA,Teluk-Bayur,2.136,117.4242,,2025-02-06 11:35:03
TBMCM,IA,Tutuyan,0.714,124.5902,,2025-02-06 11:35:03
TBMUI,IA,TaliabuBarat,-1.900,124.344,,2025-02-06 11:35:03
TDNI,IA,Teluk-Dalam,0.5792,97.815,,2025-02-06 11:35:03
TEBBI,IA,Tejakula,-8.151183,115.373344,,2025-02-06 11:35:03
TGCM,IA,Telaga,0.5199,123.0772,,2025-02-06 11:35:03
TIKSI,IA,Tinondo,-3.977,121.866,,2025-02-06 11:35:03
TIPSI,IA,Tinombo,0.489,120.419,,2025-02-06 11:35:03
TKSM,IA,Tiganderket,3.1374,98.3244,,2025-02-06 11:35:03
TLCM,IA,Tomoni,-2.495,120.772,,2025-02-06 11:35:03
TLE2,IA,Tual,-5.6373,132.7497,,2025-02-06 11:35:03
TMSI,IA,Tondano,1.2948,124.92,,2025-02-06 11:35:03
TMSM,IA,Teramang-Jaya,-2.699658,101.446276,,2025-02-06 11:35:03
TMTMM,IA,Tehoru,-3.298,129.5305,,2025-02-06 11:35:03
TNGI,IA,Tangerang,-6.172,106.647,,2025-02-06 11:35:03
TNTI,IA,Ternate,0.7721,127.3669,,2025-02-06 11:35:03
TOBSI,IA,Toili,-1.446,122.250,,2025-02-06 11:35:03
TOCM,IA,Towuti,-2.648,121.399,,2025-02-06 11:35:03
TOJI,IA,Tomo,-6.7621,108.1344,,2025-02-06 11:35:03
TOLI2,IA,Tolitoli,1.1214,120.7945,,2025-02-06 11:35:03
TOTSI,IA,Tojo,-1.153,121.284,,2025-02-06 11:35:03
TPCI,IA,Taopa,0.4674,121.0993,,2025-02-06 11:35:03
TPI,IA,Tanjung-Pandan,-2.7564,107.6534,,2025-02-06 11:35:03
TPRI,IA,Tanjung-Pinang,0.92,104.32,,2025-02-06 11:35:03
TPSI,IA,Tangse,4.9908,95.9487,,2025-02-06 11:35:03
TPTI,IA,Tapak-Tuan,3.2618,97.1774,,2025-02-06 11:35:03
TRIYO,IA,Sipora-Selatan,-2.0602,99.5831,,2025-02-06 11:35:03
TRPI,IA,Tanah-Merah,-6.0989,140.300157,,2025-02-06 11:35:03
TSI,IA,Tuntungan,3.5012,98.5645,,2025-02-06 11:35:03
TSJM,IA,Tanjungsiang,-6.7319,107.8109,,2025-02-06 11:35:03
TSNI,IA,Tarano,-8.715111,118.250099,,2025-02-06 11:35:03
TSPI,IA,Teminabuan,-1.4733,132.0898,,2025-02-06 11:35:03
TTPSI,IA,Tondong-Talasa,-4.818388,119.761719,,2025-02-06 11:35:03
TTSI,IA,Tana-Toraja,-3.0451,119.819,,2025-02-06 11:35:03
TTSM,IA,Tano-Tombangan-Angkola,1.0855,99.4106,,2025-02-06 11:35:03
TTSMI,IA,TaniwelTimur,-2.864,128.727,,2025-02-06 11:35:03
TUJI,IA,Tumpakrejo,-8.4018,113.7322,,2025-02-06 11:35:03
UGM,IA,Wanagama,-7.9125,110.5219,,2025-02-06 11:35:03
UKCM,IA,Unaaha,-3.5125,122.236,,2025-02-06 11:35:03
ULMSI,IA,Ulumanda,-3.052255,118.874557,,2025-02-06 11:35:03
ULSM,IA,Ulu-Musi,-3.7596,102.7985,,2025-02-06 11:35:03
UMKSI,IA,Ujan Mas,-3.590,102.548,,2025-02-06 11:35:03
UMSSI,IA,Umalulu,-9.897,120.661,,2025-02-06 11:35:03
USFM,IA,Utan,-8.412,117.1411,,2025-02-06 11:35:03
USTI,IA,Umbu-RatuNggay,-9.6543,119.7878,,2025-02-06 11:35:03
UTSI,IA,Ulu-Belu,-5.31257,104.55095,,2025-02-06 11:35:03
UTSM,IA,Ulu-Talo,-4.08339,102.72849,,2025-02-06 11:35:03
UTUSI,IA,Una-Una,-0.427364,121.860561,,2025-02-06 11:35:03
UWJI,IA,Ujung-Watu,-6.4191,110.9474,,2025-02-06 11:35:03
UWNPI,IA,Uwapa,-3.479,135.587,,2025-02-06 11:35:03
WAMI,IA,Wamena,-4.0959,138.95,,2025-02-06 11:35:03
WANPI,IA,Wanggar,-3.421,135.376,,2025-02-06 11:35:03
WBMI,IA,Weda-Barat,0.3275,127.854,,2025-02-06 11:35:03
WBNI,IA,Wera,-8.304,118.913689,,2025-02-06 11:35:03
WBSI,IA,Waikabubak,-9.6411,119.3911,,2025-02-06 11:35:03
WEFM,IA,Wewaria,-8.607,121.7179,,2025-02-06 11:35:03
WFTFM,IA,Wulanggitang,-8.5247,122.7104,,2025-02-06 11:35:03
WGJM,IA,Wringianom,-7.3833,112.5098,,2025-02-06 11:35:03
WHMI,IA,Wasile,1.0825,128.132,,2025-02-06 11:35:03
WKCM,IA,Wolo,-3.493,121.1757,,2025-02-06 11:35:03
WLFM,IA,Wulandoni,-8.5311,123.45,,2025-02-06 11:35:03
WLJI,IA,Wonosalam,-6.8310983,105.8909467,,2025-02-06 11:35:03
WLTFM,IA,Wanasaba,-8.5182,116.5408,,2025-02-06 11:35:03
WMCM,IA,Wita-Ponda,-2.2162,121.622,,2025-02-06 11:35:03
WOJI,IA,Wonogiri,-7.8372,110.9236,,2025-02-06 11:35:03
WRJI,IA,Curahdami,-7.81129,113.74565,,2025-02-06 11:35:03
WSHHI,IA,MabaSelatan,0.764,127.813,,2025-02-06 11:35:03
WSI,IA,Stageof-Sumbawa-Timur,-9.669,120.2977,,2025-02-06 11:35:03
WSJM,IA,Warungkiara,-6.9748,106.7249,,2025-02-06 11:35:03
WSTMM,IA,Werinama,-3.453,129.995,,2025-02-06 11:35:03
WTKSI,IA,WawoniiTimurLaut,-4.03,123.22,,2025-02-06 11:35:03
WUPCM,IA,Wara-Utara,-3.0065,120.193,,2025-02-06 11:35:03
WWCI,IA,Wangi-wangi,-5.2724,123.5251,,2025-02-06 11:35:03
WWPI,IA,Waropen-Bawah,-2.313,136.3773,,2025-02-06 11:35:03
YBYPI,IA,YapenBarat,-1.831,136.063,,2025-02-06 11:35:03
YOGI,IA,Stageof-Sleman,-7.8166,110.295,,2025-02-06 11:35:03
KAPI,II,Kappang,-5.0142,119.7517,,2025-02-06 11:35:03
